{
    "type": "minecraft:crafting_shaped",
    "pattern": [
        "gGg",
        "AEA",
        "gUg"
    ],
    "key": {
        "g": {
            "item": "minecraft:gold_ingot"
        },
        "G": {
            "item": "minecraft:gold_nugget"
        },
        "A": {
            "item": "minecraft:gold_block"
        },
        "E": {
            "item": "minecraft:emerald"
        },
        "U": {
            "item": "minecraft:enchanted_golden_apple"
        }
    },
    "result": {
        "item": "minecraft:totem_of_undying",
        "count": 1
    }
}